# REKONSTRUKSI, bukan artefak asli Kaggle. Sumber: output Sel 6 rdd-yolov11s.ipynb.
# Kolom 'time' resmi Ultralytics tidak bisa direkonstruksi; time_est_s = akumulasi (train_s + val_s) dari durasi yang tercetak di log.
# fitness_log = 0.1*mAP50 + 0.9*mAP50-95 dari angka 3-desimal di log, jadi hanya akurat +/- 0.0005.
# Epoch 87-92 dan 131 memiliki metrik identik di log, sehingga epoch 'best' tidak bisa dibaca dari sini.
# Ditentukan dari aritmetika early-stop: 131 - patience 40 = 91. Lihat PENJELASAN-REKONSTRUKSI.md.
epoch,time_est_s,train_s,val_s,gpu_mem,train/box_loss,train/cls_loss,train/dfl_loss,val/P,val/R,val/mAP50,val/mAP50-95,fitness_log,imgsz,instances,val_images,val_instances
1,301.7,273,28.7,5.54G,1.99300,2.98100,1.88700,0.27200,0.29600,0.20500,0.08760,0.09934,768,1,2127,4059
2,571.5,248,21.8,7.09G,1.99200,2.58100,1.87400,0.34500,0.29100,0.22900,0.09170,0.10543,768,3,2127,4059
3,834.1,241,21.6,7.09G,2.08400,2.78300,1.97500,0.21900,0.16000,0.11200,0.04490,0.05161,768,2,2127,4059
4,1095.1,239,22.0,7.09G,2.11300,2.85000,2.04000,0.24400,0.27700,0.19700,0.07910,0.09089,768,2,2127,4059
5,1355.7,239,21.6,7.09G,2.02300,2.68200,1.96400,0.30000,0.30500,0.23800,0.09950,0.11335,768,1,2127,4059
6,1616.2,239,21.5,7.09G,1.96900,2.56400,1.92200,0.38600,0.31800,0.28400,0.12700,0.14270,768,8,2127,4059
7,1876.9,239,21.7,7.09G,1.92800,2.48500,1.89300,0.34600,0.35200,0.30600,0.13300,0.15030,768,3,2127,4059
8,2138.7,240,21.8,7.09G,1.91400,2.42100,1.87500,0.40900,0.36700,0.33600,0.15200,0.17040,768,10,2127,4059
9,2400.5,240,21.8,7.09G,1.87300,2.33900,1.83100,0.42500,0.39300,0.35200,0.15600,0.17560,768,1,2127,4059
10,2662.3,240,21.8,7.09G,1.85300,2.30300,1.81200,0.45400,0.41000,0.39100,0.17900,0.20020,768,4,2127,4059
11,2922.8,239,21.5,7.09G,1.83900,2.25900,1.80100,0.42900,0.43900,0.40200,0.18900,0.21030,768,5,2127,4059
12,3184.4,240,21.6,7.09G,1.81000,2.18500,1.77200,0.45600,0.42400,0.41200,0.19000,0.21220,768,3,2127,4059
13,3444.9,239,21.5,7.09G,1.80100,2.18000,1.76200,0.50100,0.44800,0.43100,0.20700,0.22940,768,3,2127,4059
14,3706.3,240,21.4,7.09G,1.80100,2.16000,1.76200,0.48500,0.43200,0.43700,0.20400,0.22730,768,4,2127,4059
15,3967.0,239,21.7,7.09G,1.78200,2.13300,1.74400,0.47000,0.43800,0.43300,0.20500,0.22780,768,1,2127,4059
16,4228.6,240,21.6,7.09G,1.76700,2.10200,1.73300,0.50100,0.44400,0.45000,0.21900,0.24210,768,1,2127,4059
17,4490.0,240,21.4,7.09G,1.75400,2.07100,1.72200,0.48700,0.46400,0.44600,0.21000,0.23360,768,7,2127,4059
18,4750.6,239,21.6,7.09G,1.75300,2.04200,1.71400,0.52400,0.48300,0.48800,0.24000,0.26480,768,1,2127,4059
19,5012.2,240,21.6,7.09G,1.74500,2.03200,1.71100,0.52300,0.49100,0.49200,0.23800,0.26340,768,5,2127,4059
20,5273.6,240,21.4,7.09G,1.74200,2.01300,1.71000,0.53900,0.49600,0.50200,0.24400,0.26980,768,1,2127,4059
21,5535.2,240,21.6,7.09G,1.72600,1.99900,1.69900,0.53400,0.49400,0.50200,0.24600,0.27160,768,2,2127,4059
22,5796.7,240,21.5,7.09G,1.72600,1.98500,1.69200,0.53400,0.50600,0.51000,0.25000,0.27600,768,6,2127,4059
23,6058.3,240,21.6,7.09G,1.71900,1.96200,1.68100,0.57000,0.49400,0.52600,0.26100,0.28750,768,1,2127,4059
24,6319.8,240,21.5,7.09G,1.70500,1.94800,1.67600,0.57400,0.49800,0.52800,0.26300,0.28950,768,3,2127,4059
25,6581.4,240,21.6,7.09G,1.70000,1.93800,1.66700,0.54600,0.51300,0.53100,0.26500,0.29160,768,5,2127,4059
26,6842.9,240,21.5,7.09G,1.69400,1.90300,1.66300,0.56000,0.50800,0.52400,0.26200,0.28820,768,2,2127,4059
27,7104.5,240,21.6,7.09G,1.69700,1.91200,1.66700,0.59400,0.51300,0.54900,0.27600,0.30330,768,4,2127,4059
28,7366.0,240,21.5,7.09G,1.69500,1.89200,1.66100,0.59100,0.52200,0.56200,0.28100,0.30910,768,2,2127,4059
29,7627.6,240,21.6,7.09G,1.67900,1.89600,1.64800,0.58400,0.51800,0.55600,0.28000,0.30760,768,0,2127,4059
30,7889.1,240,21.5,7.09G,1.66800,1.85900,1.64300,0.59300,0.51300,0.55200,0.28500,0.31170,768,6,2127,4059
31,8150.6,240,21.5,7.09G,1.67100,1.85000,1.64400,0.59700,0.51600,0.56000,0.28700,0.31430,768,2,2127,4059
32,8412.2,240,21.6,7.09G,1.67300,1.83900,1.63700,0.60800,0.52000,0.56800,0.28900,0.31690,768,5,2127,4059
33,8673.8,240,21.6,7.09G,1.66500,1.83900,1.64200,0.58200,0.54000,0.56600,0.29000,0.31760,768,1,2127,4059
34,8935.2,240,21.4,7.09G,1.64400,1.83000,1.62200,0.62600,0.52200,0.58000,0.29600,0.32440,768,13,2127,4059
35,9196.7,240,21.5,7.09G,1.65900,1.81100,1.62900,0.61100,0.54500,0.57900,0.29800,0.32610,768,4,2127,4059
36,9458.2,240,21.5,7.09G,1.64100,1.80000,1.62400,0.62400,0.54200,0.58700,0.30300,0.33140,768,3,2127,4059
37,9719.7,240,21.5,7.09G,1.64000,1.77800,1.61100,0.61100,0.53800,0.59000,0.30800,0.33620,768,6,2127,4059
38,9981.3,240,21.6,7.09G,1.64800,1.80100,1.61500,0.62200,0.54600,0.58700,0.30500,0.33320,768,0,2127,4059
39,10242.9,240,21.6,7.09G,1.64100,1.76500,1.61000,0.62300,0.54600,0.58800,0.30400,0.33240,768,7,2127,4059
40,10504.5,240,21.6,7.09G,1.62200,1.75000,1.59800,0.60000,0.55800,0.59100,0.30600,0.33450,768,4,2127,4059
41,10765.9,240,21.4,7.09G,1.63200,1.75600,1.59400,0.61700,0.54800,0.59500,0.31000,0.33850,768,1,2127,4059
42,11027.4,240,21.5,7.09G,1.62400,1.73100,1.59500,0.62700,0.55500,0.60100,0.31600,0.34450,768,4,2127,4059
43,11288.9,240,21.5,7.09G,1.62300,1.73300,1.59000,0.61800,0.56500,0.60700,0.31700,0.34600,768,1,2127,4059
44,11550.3,240,21.4,7.09G,1.62700,1.73200,1.59800,0.62100,0.57200,0.61100,0.31700,0.34640,768,3,2127,4059
45,11811.7,240,21.4,7.09G,1.61200,1.73200,1.59400,0.64700,0.55300,0.60800,0.31900,0.34790,768,4,2127,4059
46,12073.0,240,21.3,7.09G,1.61300,1.70100,1.58500,0.62900,0.57400,0.61100,0.32100,0.35000,768,2,2127,4059
47,12334.5,240,21.5,7.09G,1.60800,1.68500,1.57900,0.63100,0.57900,0.61700,0.32400,0.35330,768,2,2127,4059
48,12596.0,240,21.5,7.09G,1.60000,1.68000,1.57300,0.62600,0.57500,0.61600,0.32400,0.35320,768,0,2127,4059
49,12857.7,240,21.7,7.09G,1.59000,1.66400,1.57200,0.64800,0.57100,0.62200,0.32700,0.35650,768,1,2127,4059
50,13119.2,240,21.5,7.09G,1.58700,1.66700,1.57000,0.64400,0.56900,0.62200,0.32800,0.35740,768,9,2127,4059
51,13380.8,240,21.6,7.09G,1.58500,1.65400,1.56500,0.63700,0.56800,0.61900,0.32700,0.35620,768,2,2127,4059
52,13642.1,240,21.3,7.09G,1.58000,1.62900,1.55600,0.65100,0.56400,0.62200,0.32800,0.35740,768,6,2127,4059
53,13903.7,240,21.6,7.09G,1.58400,1.66000,1.56000,0.62400,0.57600,0.61900,0.32700,0.35620,768,3,2127,4059
54,14165.2,240,21.5,7.09G,1.57600,1.63300,1.56100,0.63500,0.57700,0.62200,0.32900,0.35830,768,3,2127,4059
55,14426.6,240,21.4,7.09G,1.58000,1.62100,1.55700,0.65700,0.56700,0.62400,0.32900,0.35850,768,6,2127,4059
56,14688.2,240,21.6,7.09G,1.57500,1.62100,1.55400,0.63900,0.58400,0.62300,0.33000,0.35930,768,9,2127,4059
57,14949.8,240,21.6,7.09G,1.56800,1.60900,1.54200,0.63800,0.58400,0.62600,0.33200,0.36140,768,1,2127,4059
58,15211.1,240,21.3,7.09G,1.56300,1.61500,1.54600,0.65900,0.57200,0.62500,0.33300,0.36220,768,1,2127,4059
59,15472.6,240,21.5,7.09G,1.57400,1.60700,1.54600,0.65900,0.57500,0.62800,0.33400,0.36340,768,1,2127,4059
60,15734.0,240,21.4,7.09G,1.56500,1.58200,1.54200,0.68700,0.56400,0.63200,0.33600,0.36560,768,2,2127,4059
61,15995.4,240,21.4,7.09G,1.55200,1.58900,1.53800,0.66300,0.58200,0.63400,0.33800,0.36760,768,7,2127,4059
62,16256.6,240,21.2,7.09G,1.54300,1.56200,1.52300,0.67600,0.57300,0.63400,0.33800,0.36760,768,3,2127,4059
63,16518.0,240,21.4,7.09G,1.54800,1.56600,1.52700,0.66600,0.57400,0.63600,0.34000,0.36960,768,2,2127,4059
64,16779.4,240,21.4,7.09G,1.53800,1.55900,1.52400,0.65700,0.58400,0.63500,0.33800,0.36770,768,1,2127,4059
65,17040.8,240,21.4,7.09G,1.53800,1.55400,1.52200,0.65300,0.58700,0.63600,0.33900,0.36870,768,1,2127,4059
66,17302.2,240,21.4,7.09G,1.53500,1.53700,1.51200,0.65800,0.58900,0.63600,0.33900,0.36870,768,0,2127,4059
67,17563.5,240,21.3,7.09G,1.52400,1.53300,1.50800,0.66800,0.58000,0.63800,0.34000,0.36980,768,0,2127,4059
68,17824.6,240,21.1,7.09G,1.53400,1.54100,1.51800,0.67600,0.57600,0.64000,0.34000,0.37000,768,10,2127,4059
69,18085.9,240,21.3,7.09G,1.52700,1.52500,1.50800,0.67200,0.58100,0.64200,0.34200,0.37200,768,0,2127,4059
70,18346.0,239,21.1,7.09G,1.51200,1.49900,1.50400,0.67100,0.58600,0.64300,0.34300,0.37300,768,1,2127,4059
71,18606.5,239,21.5,7.09G,1.51600,1.50200,1.50100,0.67500,0.58900,0.64400,0.34400,0.37400,768,4,2127,4059
72,18866.8,239,21.3,7.09G,1.51100,1.48200,1.49500,0.67800,0.58400,0.64400,0.34400,0.37400,768,3,2127,4059
73,19127.0,239,21.2,7.09G,1.50400,1.46800,1.49100,0.68200,0.58100,0.64400,0.34400,0.37400,768,5,2127,4059
74,19388.4,240,21.4,7.09G,1.50600,1.46600,1.48800,0.68800,0.58200,0.64600,0.34400,0.37420,768,5,2127,4059
75,19649.5,240,21.1,7.09G,1.50200,1.47300,1.49100,0.68100,0.58700,0.64700,0.34500,0.37520,768,3,2127,4059
76,19910.7,240,21.2,7.09G,1.49100,1.44500,1.48000,0.67800,0.58900,0.64700,0.34500,0.37520,768,0,2127,4059
77,20171.1,239,21.4,7.09G,1.49400,1.45000,1.47900,0.68400,0.59000,0.64700,0.34500,0.37520,768,4,2127,4059
78,20432.2,240,21.1,7.09G,1.49400,1.43900,1.48500,0.68100,0.59000,0.64700,0.34600,0.37610,768,1,2127,4059
79,20693.7,240,21.5,7.09G,1.48600,1.42900,1.47700,0.67500,0.58900,0.64700,0.34600,0.37610,768,6,2127,4059
80,20955.0,240,21.3,7.09G,1.48000,1.42100,1.47900,0.67400,0.59000,0.64600,0.34600,0.37600,768,3,2127,4059
81,21216.4,240,21.4,7.09G,1.47700,1.42400,1.47700,0.67800,0.59000,0.64600,0.34500,0.37510,768,0,2127,4059
82,21477.6,240,21.2,7.09G,1.47300,1.42100,1.46800,0.67900,0.58900,0.64500,0.34500,0.37500,768,4,2127,4059
83,21739.1,240,21.5,7.09G,1.47100,1.39700,1.46100,0.69000,0.58300,0.64500,0.34500,0.37500,768,5,2127,4059
84,22000.3,240,21.2,7.09G,1.46600,1.40000,1.45900,0.68900,0.58400,0.64700,0.34600,0.37610,768,5,2127,4059
85,22261.6,240,21.3,7.09G,1.47300,1.40000,1.46700,0.68600,0.58600,0.64700,0.34600,0.37610,768,2,2127,4059
86,22522.9,240,21.3,7.09G,1.45300,1.38400,1.45500,0.68800,0.58500,0.64600,0.34500,0.37510,768,3,2127,4059
87,22784.3,240,21.4,7.09G,1.46400,1.39000,1.45800,0.69100,0.58300,0.64800,0.34600,0.37620,768,5,2127,4059
88,23045.6,240,21.3,7.09G,1.45200,1.37700,1.45200,0.69200,0.58600,0.64800,0.34600,0.37620,768,3,2127,4059
89,23306.8,240,21.2,7.09G,1.44400,1.35300,1.43900,0.69400,0.58500,0.64800,0.34600,0.37620,768,5,2127,4059
90,23568.3,240,21.5,7.09G,1.43000,1.32700,1.43200,0.69400,0.58500,0.64800,0.34600,0.37620,768,0,2127,4059
91,23830.8,241,21.5,7.09G,1.44200,1.34800,1.44300,0.68100,0.59400,0.64800,0.34600,0.37620,768,12,2127,4059
92,24093.1,241,21.3,7.09G,1.42500,1.33300,1.43600,0.68300,0.59100,0.64800,0.34600,0.37620,768,2,2127,4059
93,24354.7,240,21.6,7.09G,1.42600,1.31500,1.42900,0.69000,0.58800,0.64600,0.34500,0.37510,768,1,2127,4059
94,24616.2,240,21.5,7.09G,1.42000,1.31300,1.42700,0.68900,0.58900,0.64700,0.34500,0.37520,768,6,2127,4059
95,24877.4,240,21.2,7.09G,1.42100,1.32200,1.42600,0.68600,0.59100,0.64700,0.34600,0.37610,768,0,2127,4059
96,25138.9,240,21.5,7.09G,1.41800,1.30500,1.42600,0.68700,0.59000,0.64600,0.34600,0.37600,768,2,2127,4059
97,25400.4,240,21.5,7.09G,1.41000,1.29700,1.41400,0.69200,0.58600,0.64700,0.34600,0.37610,768,5,2127,4059
98,25661.8,240,21.4,7.09G,1.41400,1.29000,1.42100,0.69500,0.58700,0.64700,0.34600,0.37610,768,7,2127,4059
99,25924.4,241,21.6,7.09G,1.39800,1.28500,1.40700,0.69600,0.58700,0.64600,0.34600,0.37600,768,3,2127,4059
100,26185.7,240,21.3,7.09G,1.39500,1.26900,1.40600,0.69700,0.58600,0.64600,0.34600,0.37600,768,2,2127,4059
101,26447.0,240,21.3,7.09G,1.39100,1.26500,1.40400,0.69600,0.58500,0.64600,0.34600,0.37600,768,4,2127,4059
102,26709.2,241,21.2,7.09G,1.38700,1.26100,1.40100,0.69600,0.58400,0.64600,0.34600,0.37600,768,6,2127,4059
103,26970.6,240,21.4,7.09G,1.38400,1.26300,1.40400,0.69900,0.58500,0.64700,0.34600,0.37610,768,1,2127,4059
104,27232.1,240,21.5,7.09G,1.37100,1.24000,1.38800,0.69900,0.58600,0.64600,0.34600,0.37600,768,0,2127,4059
105,27493.4,240,21.3,7.09G,1.36900,1.23100,1.38700,0.70100,0.58300,0.64600,0.34600,0.37600,768,4,2127,4059
106,27754.8,240,21.4,7.09G,1.36800,1.23400,1.38900,0.70000,0.58400,0.64600,0.34500,0.37510,768,1,2127,4059
107,28016.0,240,21.2,7.09G,1.36100,1.21300,1.38100,0.69700,0.58500,0.64600,0.34500,0.37510,768,1,2127,4059
108,28277.4,240,21.4,7.09G,1.35800,1.20700,1.37400,0.69600,0.58700,0.64700,0.34600,0.37610,768,9,2127,4059
109,28539.0,240,21.6,7.09G,1.35000,1.20400,1.37100,0.69900,0.58500,0.64600,0.34500,0.37510,768,0,2127,4059
110,28800.5,240,21.5,7.09G,1.35400,1.20500,1.37100,0.69500,0.59000,0.64700,0.34500,0.37520,768,3,2127,4059
111,29062.7,241,21.2,7.09G,1.33700,1.18700,1.36200,0.69500,0.58900,0.64700,0.34500,0.37520,768,8,2127,4059
112,29323.8,240,21.1,7.09G,1.34000,1.18800,1.36800,0.69600,0.58900,0.64700,0.34500,0.37520,768,5,2127,4059
113,29585.1,240,21.3,7.09G,1.33400,1.17500,1.35900,0.69700,0.58800,0.64700,0.34500,0.37520,768,2,2127,4059
114,29847.6,241,21.5,7.09G,1.32100,1.16000,1.35000,0.69800,0.58700,0.64700,0.34500,0.37520,768,0,2127,4059
115,30110.0,241,21.4,7.09G,1.31800,1.15900,1.35200,0.69800,0.58700,0.64600,0.34500,0.37510,768,0,2127,4059
116,30371.5,240,21.5,7.09G,1.31800,1.15000,1.34700,0.69800,0.58700,0.64600,0.34500,0.37510,768,0,2127,4059
117,30634.0,241,21.5,7.09G,1.31800,1.15400,1.35300,0.69900,0.58600,0.64500,0.34500,0.37500,768,3,2127,4059
118,30896.3,241,21.3,7.09G,1.30600,1.13800,1.33900,0.70100,0.58800,0.64500,0.34500,0.37500,768,0,2127,4059
119,31158.7,241,21.4,7.09G,1.30500,1.13600,1.34500,0.70000,0.58900,0.64500,0.34500,0.37500,768,1,2127,4059
120,31420.1,240,21.4,7.09G,1.30500,1.14100,1.34000,0.70200,0.58800,0.64500,0.34500,0.37500,768,6,2127,4059
121,31681.5,240,21.4,7.09G,1.29900,1.12000,1.33300,0.70200,0.58700,0.64600,0.34400,0.37420,768,4,2127,4059
122,31942.8,240,21.3,7.09G,1.29300,1.12100,1.33400,0.70200,0.58900,0.64600,0.34400,0.37420,768,6,2127,4059
123,32204.0,240,21.2,7.09G,1.28400,1.10200,1.32300,0.70200,0.58700,0.64500,0.34400,0.37410,768,6,2127,4059
124,32465.3,240,21.3,7.09G,1.27200,1.08000,1.31800,0.70200,0.58800,0.64500,0.34400,0.37410,768,3,2127,4059
125,32726.4,240,21.1,7.09G,1.27600,1.09100,1.31800,0.70200,0.58800,0.64400,0.34400,0.37400,768,4,2127,4059
126,32987.8,240,21.4,7.09G,1.26700,1.08000,1.31200,0.70400,0.58700,0.64400,0.34400,0.37400,768,1,2127,4059
127,33249.0,240,21.2,7.09G,1.26300,1.08500,1.31000,0.70300,0.58700,0.64300,0.34400,0.37390,768,3,2127,4059
128,33510.3,240,21.3,7.09G,1.26100,1.07100,1.30800,0.70400,0.58900,0.64400,0.34400,0.37400,768,5,2127,4059
129,33771.7,240,21.4,7.09G,1.25700,1.06500,1.30600,0.70500,0.58800,0.64400,0.34400,0.37400,768,7,2127,4059
130,34032.9,240,21.2,7.09G,1.24500,1.05400,1.29900,0.70600,0.58700,0.64400,0.34400,0.37400,768,11,2127,4059
131,34302.9,240,30.0,7.09G,1.23400,1.03700,1.29400,0.68300,0.59200,0.64800,0.34600,0.37620,768,2,2127,4059
